airport_1,airport_2,distance_mi,passengers,avg_fare,lcc_share,hhi,top_airline
JFK,LAX,2470.0,3115042.0,349.29,0.321,0.269,DL
LGA,ORD,731.0,2600397.0,174.47,0.086,0.293,AA
LAX,SFO,337.0,2289910.0,104.55,0.203,0.212,AS
LAX,ORD,1741.0,1853120.0,187.84,0.146,0.332,UA
LAS,LAX,236.0,1831441.0,73.2,0.438,0.18,WN
EWR,MCO,939.0,1798890.0,141.66,0.559,0.329,UA
JFK,SFO,2580.0,1793741.0,333.54,0.291,0.274,DL
LAX,SEA,955.0,1745415.0,147.76,0.033,0.4,AS
ATL,LGA,761.0,1741231.0,183.25,0.243,0.435,DL
HNL,OGG,100.0,1727303.0,71.86,0.147,0.722,HA
MCO,PHL,863.0,1627670.0,138.86,0.622,0.267,AA
EWR,SFO,2559.0,1613985.0,428.33,0.005,0.684,UA
EWR,LAX,2449.0,1533189.0,349.48,0.014,0.639,UA
DEN,LAX,861.0,1444711.0,135.06,0.454,0.25,UA
SEA,SFO,679.0,1441588.0,156.56,0.003,0.311,AS
LAS,SEA,867.0,1434366.0,115.99,0.34,0.295,AS
DFW,LAX,1232.0,1434110.0,121.25,0.212,0.42,AA
HNL,LAX,2552.0,1406026.0,265.06,0.007,0.23,HA
DEN,PHX,602.0,1391019.0,115.35,0.619,0.317,WN
DFW,ORD,802.0,1375318.0,165.2,0.144,0.449,AA
LGA,MIA,1099.0,1374781.0,165.61,0.041,0.495,AA
BOS,ORD,864.0,1374099.0,169.81,0.208,0.316,AA
FLL,LGA,1078.0,1347531.0,144.62,0.666,0.315,NK
ATL,FLL,582.0,1346365.0,106.93,0.558,0.318,DL
EWR,FLL,1067.0,1342963.0,149.13,0.519,0.343,UA
BOS,DCA,398.0,1340177.0,124.98,0.454,0.461,AA
BOS,LAX,2605.0,1320392.0,254.11,0.3,0.228,AA
LAS,SFO,413.0,1314216.0,104.6,0.305,0.292,AS
BOS,MCO,1122.0,1313687.0,144.27,0.739,0.321,B6
BOS,SFO,2697.0,1308228.0,343.39,0.363,0.292,UA
DEN,ORD,886.0,1284263.0,164.52,0.278,0.349,UA
ORD,SFO,1841.0,1281269.0,285.18,0.006,0.462,UA
PHX,SEA,1107.0,1277897.0,132.02,0.228,0.279,AS
ATL,LAX,1943.0,1245749.0,276.59,0.249,0.344,DL
SAN,SFO,447.0,1243952.0,103.59,0.4,0.333,WN
ATL,MCO,404.0,1234050.0,112.74,0.499,0.311,DL
DEN,LAS,627.0,1220019.0,101.68,0.8,0.291,WN
DFW,LGA,1386.0,1212895.0,187.07,0.106,0.478,AA
JFK,MCO,946.0,1184990.0,140.13,0.624,0.492,B6
MCO,ORD,1006.0,1184817.0,149.2,0.285,0.282,UA
HNL,KOA,164.0,1166206.0,85.15,0.197,0.667,HA
LGA,MCO,952.0,1148401.0,142.22,0.409,0.337,DL
ATL,BOS,945.0,1135385.0,155.89,0.335,0.476,DL
DTW,MCO,959.0,1133583.0,144.04,0.495,0.385,DL
SAN,SJC,417.0,1130481.0,75.96,0.807,0.686,WN
DEN,MSP,679.0,1110020.0,121.01,0.432,0.224,DL
LAS,ORD,1511.0,1109311.0,163.54,0.431,0.266,NK
DEN,SFO,966.0,1103258.0,165.57,0.361,0.455,UA
LAX,PDX,835.0,1092813.0,131.48,0.151,0.355,AS
SAN,SMF,480.0,1085394.0,88.0,0.843,0.732,WN
SAN,SEA,1052.0,1079548.0,124.62,0.118,0.299,AS
ORD,PHX,1437.0,1057197.0,188.66,0.152,0.398,AA
DEN,SEA,1022.0,1056275.0,147.25,0.294,0.229,AS
ATL,ORD,606.0,1055579.0,177.48,0.1,0.294,DL
FLL,JFK,1071.0,1035200.0,153.92,0.67,0.553,B6
DFW,LAS,1053.0,1006000.0,90.77,0.421,0.37,AA
MSP,PHX,1275.0,1002997.0,145.89,0.204,0.265,DL
SEA,SJC,697.0,1000395.0,140.57,0.24,0.316,AS
ATL,EWR,745.0,993724.0,192.79,0.124,0.384,DL
DEN,DFW,641.0,986302.0,134.1,0.265,0.342,AA
LAS,OAK,407.0,980395.0,95.52,0.993,0.419,WN
ATL,DEN,1197.0,969092.0,160.99,0.436,0.283,DL
LAX,SJC,308.0,954403.0,83.97,0.554,0.373,WN
JFK,LAS,2243.0,949921.0,261.66,0.357,0.377,DL
HNL,LIH,101.0,946591.0,84.01,0.031,0.932,HA
LAS,SAN,259.0,940873.0,74.64,0.872,0.371,WN
ATL,DFW,730.0,936476.0,176.6,0.158,0.374,AA
BWI,MCO,789.0,935542.0,143.73,0.965,0.478,WN
DEN,MCO,1544.0,930419.0,150.42,0.727,0.268,WN
ORD,SEA,1716.0,927435.0,204.7,0.038,0.252,AS
EWR,ORD,717.0,927358.0,243.79,0.002,0.569,UA
LAX,MCO,2212.0,925755.0,205.45,0.143,0.264,DL
DEN,LGA,1615.0,911868.0,207.86,0.296,0.323,UA
ATL,LAS,1743.0,907696.0,203.91,0.482,0.321,DL
BOS,LGA,184.0,905203.0,157.08,0.19,0.365,DL
BOS,PHL,280.0,903735.0,119.62,0.305,0.415,AA
ATL,DCA,547.0,894315.0,196.5,0.202,0.476,DL
SJC,SNA,342.0,894161.0,84.07,0.799,0.678,WN
LAS,MSP,1297.0,893584.0,133.01,0.21,0.337,DL
IAH,LAX,1376.0,885406.0,205.04,0.282,0.376,UA
BWI,FLL,927.0,877137.0,137.66,0.975,0.484,WN
ATL,PHL,666.0,874947.0,182.05,0.264,0.305,DL
DEN,SAN,852.0,873477.0,128.2,0.658,0.352,WN
MCO,MSP,1311.0,872226.0,148.61,0.255,0.302,DL
LAX,PHX,369.0,863761.0,118.77,0.517,0.362,WN
BOS,FLL,1239.0,863712.0,149.14,0.817,0.375,B6
ATL,BWI,577.0,861760.0,133.16,0.651,0.33,WN
LAS,PDX,763.0,854945.0,102.36,0.564,0.271,AS
DCA,ORD,611.0,851979.0,210.83,0.002,0.501,UA
MSP,ORD,334.0,838005.0,155.9,0.0,0.296,DL
LAX,OAK,337.0,833109.0,80.71,0.995,0.693,WN
LAX,PHL,2396.0,832050.0,218.11,0.151,0.531,AA
ATL,MIA,596.0,827761.0,142.05,0.089,0.418,AA
IAH,ORD,926.0,826308.0,204.25,0.248,0.39,UA
DTW,LAS,1745.0,826174.0,191.89,0.547,0.367,DL
DCA,MCO,761.0,822166.0,125.71,0.485,0.347,AA
DEN,IAH,862.0,817257.0,170.06,0.324,0.488,UA
DTW,LGA,500.0,813606.0,216.71,0.256,0.412,DL
BOS,BWI,369.0,812099.0,90.05,0.994,0.393,WN
SEA,SNA,979.0,809763.0,160.43,0.041,0.383,AS
ATL,TPA,407.0,809683.0,132.5,0.453,0.388,DL
BOS,DEN,1749.0,809463.0,218.36,0.492,0.313,UA
MIA,ORD,1199.0,806787.0,173.7,0.066,0.587,AA
AUS,DEN,776.0,801510.0,116.63,0.707,0.329,WN
EWR,LAS,2222.0,797499.0,255.78,0.186,0.612,UA
LAX,SLC,590.0,796877.0,130.78,0.259,0.378,DL
ORD,PHL,676.0,795414.0,208.13,0.004,0.532,AA
LAX,MSP,1533.0,794561.0,197.11,0.175,0.37,DL
DFW,MCO,982.0,786016.0,170.28,0.358,0.466,AA
IAD,LAX,2283.0,771634.0,291.75,0.012,0.443,UA
JFK,SEA,2415.0,771149.0,253.55,0.188,0.337,DL
BUR,OAK,325.0,768459.0,103.79,0.99,0.899,WN
PDX,SFO,551.0,763275.0,141.96,0.008,0.363,AS
LAS,SJC,385.0,761508.0,93.4,0.828,0.58,WN
FLL,PHL,994.0,758940.0,111.33,0.552,0.298,AA
ORD,TPA,1014.0,753700.0,141.68,0.331,0.268,UA
CLT,LGA,543.0,747435.0,132.53,0.002,0.584,AA
ATL,DTW,596.0,744970.0,185.24,0.391,0.449,DL
JFK,MIA,1092.0,744264.0,164.76,0.0,0.497,AA
OAK,SAN,447.0,743044.0,98.67,0.997,0.991,WN
EWR,PBI,1026.0,736172.0,189.98,0.36,0.513,UA
AUS,LAX,1239.0,735294.0,156.8,0.316,0.252,AA
LAX,OGG,2483.0,727365.0,275.07,0.008,0.203,HA
BOS,TPA,1186.0,726578.0,142.32,0.617,0.372,B6
DEN,SLC,390.0,724590.0,115.79,0.474,0.272,DL
DTW,FLL,1130.0,721156.0,155.09,0.445,0.461,DL
FLL,ORD,1184.0,719577.0,147.27,0.42,0.27,UA
SEA,SMF,606.0,713727.0,119.37,0.38,0.304,WN
EWR,TPA,999.0,707233.0,171.32,0.304,0.518,UA
BOS,DFW,1559.0,704099.0,169.91,0.282,0.504,AA
BDL,MCO,1052.0,702239.0,119.92,0.949,0.271,WN
LAX,SMF,373.0,689317.0,93.82,0.66,0.474,WN
LAS,PHX,255.0,689191.0,98.34,0.736,0.485,WN
PHL,TPA,921.0,687351.0,151.88,0.462,0.358,AA
PDX,PHX,1010.0,684379.0,144.79,0.389,0.291,WN
EWR,IAH,1398.0,682386.0,267.72,0.201,0.606,UA
CLT,EWR,528.0,679000.0,146.6,0.087,0.45,AA
DFW,PHL,1300.0,665740.0,176.18,0.198,0.625,AA
BUR,SJC,296.0,664315.0,75.89,0.88,0.788,WN
IAD,SFO,2413.0,663749.0,430.98,0.009,0.617,UA
DEN,PHL,1554.0,652574.0,189.52,0.423,0.26,AA
PHX,SAN,303.0,652031.0,104.38,0.731,0.574,WN
BOS,RDU,612.0,651287.0,137.64,0.581,0.33,B6
BOS,RSW,1251.0,650850.0,174.68,0.877,0.526,B6
DTW,LAX,1975.0,645492.0,272.0,0.321,0.465,DL
EWR,MIA,1088.0,642328.0,194.17,0.037,0.51,UA
DFW,SEA,1658.0,639508.0,176.51,0.08,0.409,AA
JFK,PHX,2149.0,638685.0,214.45,0.128,0.417,AA
DFW,SFO,1461.0,637079.0,225.74,0.004,0.62,AA
GEG,SEA,223.0,636517.0,104.55,0.0,0.713,AS
ORD,RSW,1123.0,634649.0,162.9,0.311,0.287,AA
HNL,SFO,2396.0,631189.0,266.4,0.0,0.389,UA
ATL,SFO,2134.0,630581.0,333.96,0.134,0.46,DL
PHX,SFO,650.0,630502.0,159.18,0.383,0.316,WN
LGA,PBI,1037.0,629323.0,195.92,0.445,0.445,DL
LAX,MIA,2338.0,627876.0,257.28,0.004,0.876,AA
OAK,SEA,672.0,627409.0,123.01,0.559,0.425,WN
DEN,IAD,1449.0,624890.0,233.76,0.345,0.487,UA
FLL,LAX,2338.0,620717.0,228.35,0.67,0.284,B6
DFW,PHX,867.0,619989.0,135.97,0.15,0.682,AA
DEN,PDX,989.0,615380.0,143.97,0.59,0.322,WN
LAS,SMF,397.0,615332.0,116.46,0.967,0.461,WN
DEN,DTW,1120.0,612439.0,157.24,0.432,0.257,DL
BOS,MSP,1121.0,611872.0,176.52,0.291,0.476,DL
IAH,LGA,1414.0,611370.0,270.25,0.001,0.515,UA
MCO,MDW,991.0,604583.0,138.23,0.983,0.967,WN
PDX,SJC,570.0,603978.0,128.11,0.474,0.395,WN
BOS,LAS,2375.0,603245.0,221.7,0.754,0.367,B6
BWI,LAX,2324.0,603171.0,172.5,0.608,0.26,WN
DEN,SNA,845.0,598361.0,150.52,0.605,0.34,WN
PHX,SLC,508.0,597187.0,144.57,0.466,0.341,WN
PHL,SFO,2515.0,595735.0,284.32,0.024,0.447,AA
MSP,SFO,1585.0,595621.0,233.46,0.025,0.441,DL
BOS,SEA,2489.0,593653.0,261.64,0.305,0.3,AS
IAH,LAS,1220.0,592177.0,161.83,0.487,0.376,UA
DTW,TPA,985.0,592145.0,156.19,0.371,0.472,DL
IAH,MCO,851.0,591696.0,150.24,0.48,0.42,UA
ORD,SAN,1720.0,591194.0,212.54,0.179,0.344,UA
MSP,SEA,1395.0,590141.0,189.07,0.022,0.373,DL
BOS,EWR,200.0,588848.0,175.99,0.274,0.545,UA
DAL,HOU,240.0,587902.0,115.68,1.0,1.0,WN
ATL,IAH,688.0,585558.0,148.33,0.197,0.339,DL
DEN,FLL,1702.0,579843.0,158.49,0.704,0.247,NK
BWI,TPA,844.0,579068.0,183.59,0.963,0.57,WN
DFW,EWR,1371.0,573119.0,279.82,0.006,0.486,UA
DTW,RSW,1087.0,572562.0,153.25,0.458,0.438,DL
LAX,MSY,1667.0,570542.0,182.96,0.414,0.263,DL
ANC,SEA,1444.0,569921.0,253.24,0.037,0.703,AS
LAS,PHL,2171.0,568282.0,211.04,0.411,0.353,AA
BUR,SMF,359.0,564279.0,105.5,0.997,0.994,WN
DCA,MIA,922.0,563216.0,179.73,0.0,0.951,AA
BNA,LGA,763.0,561658.0,175.27,0.371,0.335,WN
ATL,MDW,591.0,560975.0,137.99,0.624,0.53,WN
ATL,MSP,907.0,560918.0,245.47,0.273,0.536,DL
AUS,LAS,1088.0,559250.0,138.44,0.888,0.268,WN
PDX,SAN,934.0,557269.0,141.46,0.345,0.327,AS
IND,MCO,830.0,556831.0,121.1,0.807,0.354,WN
HNL,SEA,2676.0,555753.0,263.29,0.009,0.314,AS
BOS,PBI,1199.0,555636.0,173.51,0.89,0.649,B6
AUS,ORD,978.0,555362.0,171.87,0.188,0.345,AA
